-- phpMyAdmin SQL Dump
-- version 5.0.4
-- https://www.phpmyadmin.net/
--
-- Máy chủ: 127.0.0.1
-- Thời gian đã tạo: Th12 30, 2020 lúc 01:38 AM
-- Phiên bản máy phục vụ: 10.4.16-MariaDB
-- Phiên bản PHP: 7.4.12

SET SQL_MODE = "NO_AUTO_VALUE_ON_ZERO";
START TRANSACTION;
SET time_zone = "+00:00";


/*!40101 SET @OLD_CHARACTER_SET_CLIENT=@@CHARACTER_SET_CLIENT */;
/*!40101 SET @OLD_CHARACTER_SET_RESULTS=@@CHARACTER_SET_RESULTS */;
/*!40101 SET @OLD_COLLATION_CONNECTION=@@COLLATION_CONNECTION */;
/*!40101 SET NAMES utf8mb4 */;

--
-- Cơ sở dữ liệu: `dauhunon`
--

-- --------------------------------------------------------

--
-- Cấu trúc bảng cho bảng `admin`
--

CREATE TABLE `admin` (
  `adminID` varchar(255) NOT NULL,
  `adminName` varchar(255) NOT NULL,
  `adminEmail` varchar(255) NOT NULL,
  `adminUser` varchar(255) NOT NULL,
  `adminPass` varchar(255) NOT NULL,
  `adminLevel` int(30) NOT NULL
) ENGINE=InnoDB DEFAULT CHARSET=utf8;

--
-- Đang đổ dữ liệu cho bảng `admin`
--

INSERT INTO `admin` (`adminID`, `adminName`, `adminEmail`, `adminUser`, `adminPass`, `adminLevel`) VALUES
('admin_nv_1', 'Ca 1', 'ca1@gmail.com', 'C1', '123', 0),
('admin_nv_2', 'Ca 2', 'ca2@gmail.com', 'C2', '123', 0),
('admin_nv_3', 'Ca 3', 'ca3@gmail.com', 'C3', '123', 0),
('admin_ql', 'Nguyễn Huyền', 'Nguyenhuyencun1211@gmail.com', 'Nguyenhuyencun', '1211', 1);

-- --------------------------------------------------------

--
-- Cấu trúc bảng cho bảng `cart`
--

CREATE TABLE `cart` (
  `cartID` int(11) NOT NULL,
  `productID` varchar(255) NOT NULL,
  `sessionID` varchar(255) NOT NULL,
  `name` varchar(255) NOT NULL,
  `price` varchar(255) NOT NULL,
  `quantity` int(11) NOT NULL,
  `image` varchar(255) NOT NULL
) ENGINE=InnoDB DEFAULT CHARSET=utf8;

--
-- Đang đổ dữ liệu cho bảng `cart`
--

INSERT INTO `cart` (`cartID`, `productID`, `sessionID`, `name`, `price`, `quantity`, `image`) VALUES
(71, 'bg_jongga', 'al8cl28afthah123tjce92u0jo', 'Bánh gạo Jongga', '60000', 1, 'aa39cc6d7a.png'),
(72, 'mc_samyangphomai', 'al8cl28afthah123tjce92u0jo', 'Mì gà cay phô mai Samyang', '25000', 4, '482be41502.jpg'),
(73, 'ot_Chungwoo', 'al8cl28afthah123tjce92u0jo', 'Ớt bột cấp độ Chungwoo', '140000', 1, '65673b2041.jpg'),
(74, 'mien_beksul', 'al8cl28afthah123tjce92u0jo', 'Miến khô Beksul', '85000', 1, 'f1de627373.jpg'),
(102, 'ruou_chamisulman', '1g0thhbc4soskied93ar65phmb', 'Rượu Soju Chamisul mận', '70000', 1, 'a2e02f63fd.png');

-- --------------------------------------------------------

--
-- Cấu trúc bảng cho bảng `category`
--

CREATE TABLE `category` (
  `catID` varchar(255) NOT NULL,
  `catName` varchar(255) NOT NULL
) ENGINE=InnoDB DEFAULT CHARSET=utf8;

--
-- Đang đổ dữ liệu cho bảng `category`
--

INSERT INTO `category` (`catID`, `catName`) VALUES
('banhgaocay', 'Bánh gạo cay'),
('botot', 'Bột ớt'),
('mi', 'Mì Hàn Quốc'),
('mienkho', 'Miến khô'),
('rongbien', 'Rong biển'),
('ruou', 'Rượu Hàn Quốc'),
('sua', 'Sữa Hàn Quốc'),
('tuongot', 'Tương ớt');

-- --------------------------------------------------------

--
-- Cấu trúc bảng cho bảng `customer`
--

CREATE TABLE `customer` (
  `cusID` int(11) NOT NULL,
  `cusFirstName` varchar(255) NOT NULL,
  `cusLastName` varchar(255) NOT NULL,
  `cusPhone` varchar(255) NOT NULL,
  `cusAddress` varchar(255) NOT NULL,
  `cusEmail` varchar(255) NOT NULL,
  `cusUserName` varchar(255) NOT NULL,
  `cusPassword` varchar(255) NOT NULL
) ENGINE=InnoDB DEFAULT CHARSET=utf8;

--
-- Đang đổ dữ liệu cho bảng `customer`
--

INSERT INTO `customer` (`cusID`, `cusFirstName`, `cusLastName`, `cusPhone`, `cusAddress`, `cusEmail`, `cusUserName`, `cusPassword`) VALUES
(1, 'Nguyễn Thị Thu', 'Huyền', '0968294001', 'Kí túc xá khu A Đại học Quốc Gia', 'Nguyenhuyencun1211@gmail.com', 'nguyenhuyencun', '12112000'),
(2, 'Nguyễn Thị Thu', 'Huyền', '0968294001', 'Kí túc xá khu A Đại học Quốc Gia', 'Nguyenhuyencun@gmail.com', '', 'Nguyễn Thị'),
(3, 'Phù Hữu', 'Đạt', '0968294001', 'Kí túc xá khu A Đại học Quốc Gia', 'datphu@gmail.com', 'huudat', '12112000'),
(4, 'Nguyễn Thị', 'Huyền', '0968294001', 'Kí túc xá khu A Đại học Quốc Gia', 'Nguyenhuyen@gmail.com', 'Huyền', '12112000'),
(5, 'Nguyễn ', 'Nam', '0968294001', 'Kí túc xá khu A Đại học Quốc Gia', 'namnguyen@gmail.com', 'Nam', '1211'),
(6, 'Nguyễn Thị', 'Huyền', '0968294001', 'Kí túc xá khu A Đại học Quốc Gia', 'huyencun1211@gmail.com', '18520863', '12345678'),
(7, 'Nguyễn Thị', 'Huyền', '0968294001', 'Kí túc xá khu A Đại học Quốc Gia', 'huyen@gmail.com', 'huyen1211', '12112000');

-- --------------------------------------------------------

--
-- Cấu trúc bảng cho bảng `orderproduct`
--

CREATE TABLE `orderproduct` (
  `orderID` int(11) NOT NULL,
  `cusUserName` varchar(255) NOT NULL,
  `productID` varchar(255) NOT NULL,
  `productName` varchar(255) NOT NULL,
  `quantity` int(11) NOT NULL,
  `price` varchar(255) NOT NULL,
  `image` varchar(255) NOT NULL,
  `orderTime` timestamp NOT NULL DEFAULT current_timestamp() ON UPDATE current_timestamp()
) ENGINE=InnoDB DEFAULT CHARSET=utf8;

--
-- Đang đổ dữ liệu cho bảng `orderproduct`
--

INSERT INTO `orderproduct` (`orderID`, `cusUserName`, `productID`, `productName`, `quantity`, `price`, `image`, `orderTime`) VALUES
(1, 'nguyenhuyencun', 'ob_ourhome', 'Ớt bột Mịn Ourhome', 1, '135000', '2ea986fc75.png', '2020-12-29 13:31:12'),
(2, 'nguyenhuyencun', 'bg_jongga', 'Bánh gạo Jongga', 4, '240000', 'aa39cc6d7a.png', '2020-12-29 13:31:12'),
(3, 'nguyenhuyencun', 'mc_samyang145g', 'Mì gà cay nước Samyang', 2, '50000', '50cd818551.jpg', '2020-12-29 13:31:12'),
(4, 'nguyenhuyencun', 'bg_phomai', 'Bánh gạo nhân phô mai', 1, '40000', '6713689630.png', '2020-12-29 13:31:12'),
(5, 'nguyenhuyencun', 'ob_ourhome', 'Ớt bột Mịn Ourhome', 3, '405000', '2ea986fc75.png', '2020-12-29 13:31:12'),
(6, 'nguyenhuyencun', 'mc_samyang145g', 'Mì gà cay nước Samyang', 4, '100000', '50cd818551.jpg', '2020-12-29 13:31:12'),
(7, '18520863', 'mien_beksul', 'Miến khô Beksul', 1, '85000', 'f1de627373.jpg', '2020-12-29 13:31:12'),
(8, '18520863', 'mien_chungjugone', 'Miến Chungjungone', 1, '105000', '85fde5e0c1.jpg', '2020-12-29 13:31:12'),
(9, '18520863', 'mc_samyang145g', 'Mì gà cay nước Samyang', 1, '25000', '50cd818551.jpg', '2020-12-29 13:31:12'),
(10, '18520863', 'bg_phomai', 'Bánh gạo nhân phô mai', 1, '40000', '6713689630.png', '2020-12-29 23:46:52'),
(11, '18520863', 'mien_beksul', 'Miến khô Beksul', 3, '255000', 'f1de627373.jpg', '2020-12-29 23:46:52'),
(12, 'huyen1211', 'bg_jongga', 'Bánh gạo Jongga', 3, '180000', 'aa39cc6d7a.png', '2020-12-29 23:50:03');

-- --------------------------------------------------------

--
-- Cấu trúc bảng cho bảng `product`
--

CREATE TABLE `product` (
  `productID` varchar(255) NOT NULL,
  `productName` varchar(255) NOT NULL,
  `productCate` varchar(255) NOT NULL,
  `productDesc` text NOT NULL,
  `productPrice` varchar(255) NOT NULL,
  `productImage` varchar(255) NOT NULL,
  `productType` int(11) NOT NULL
) ENGINE=InnoDB DEFAULT CHARSET=utf8;

--
-- Đang đổ dữ liệu cho bảng `product`
--

INSERT INTO `product` (`productID`, `productName`, `productCate`, `productDesc`, `productPrice`, `productImage`, `productType`) VALUES
('bg_jongga', 'Bánh gạo Jongga', 'banhgaocay', '<p style=\"text-align: justify;\"><span style=\"font-family: arial, helvetica, sans-serif;\"><strong>Tteokbokki</strong>&nbsp;- m&oacute;n ăn quốc d&acirc;n khi nhắc về ẩm thực H&agrave;n Quốc!&nbsp;Từng thỏi b&aacute;nh gạo dẻo dai ho&agrave; quyện c&ugrave;ng nước sốt cay nồng ăn k&egrave;m chả c&aacute; Busan đ&atilde; trở th&agrave;nh niềm đam m&ecirc; v&ocirc; tận của những t&iacute;n đồ m&ecirc; ẩm thực nước n&agrave;y.</span></p>\r\n<p style=\"text-align: justify;\"><span style=\"font-family: arial, helvetica, sans-serif;\"><strong>B&aacute;nh gạo Jongga</strong>&nbsp;được l&agrave;m từ nguy&ecirc;n liệu tươi ngon, sản xuất dựa tr&ecirc;n quy tr&igrave;nh kh&eacute;p k&iacute;n, hiện đại đảm bảo mang đến sản phẩm chất lượng nhất cho người ti&ecirc;u d&ugrave;ng.</span></p>\r\n<p style=\"text-align: justify;\"><span style=\"font-family: arial, helvetica, sans-serif;\">C&oacute; thể nấu chung với&nbsp;<a class=\"text-link\" href=\"https://www.tteokbokki.vn/collections/sot-tokbokki\">sốt tteokbokki</a>&nbsp;v&agrave; c&aacute;c nguy&ecirc;n liệu ăn k&egrave;m kh&aacute;c như&nbsp;<a class=\"text-link\" href=\"https://www.tteokbokki.vn/collections/cac-loai-cha-ca-han-quoc\">chả c&aacute;</a>, trứng, x&uacute;c x&iacute;ch,..</span></p>\r\n<p style=\"text-align: justify;\"><span style=\"font-family: arial, helvetica, sans-serif;\"><strong>Xuất xứ:</strong>&nbsp;H&agrave;n Quốc</span></p>\r\n<p style=\"text-align: justify;\"><span style=\"font-family: arial, helvetica, sans-serif;\"><strong>Đ&oacute;ng g&oacute;i:</strong>&nbsp;500g/bịch</span></p>\r\n<p style=\"text-align: justify;\"><span style=\"font-family: arial, helvetica, sans-serif;\"><strong>Bảo quản:</strong>&nbsp;Ngăn m&aacute;t tủ lạnh</span></p>\r\n<p style=\"text-align: justify;\"><span style=\"font-family: arial, helvetica, sans-serif;\"><strong>Hướng dẫn sử dụng:</strong>&nbsp;Luộc b&aacute;nh gạo&nbsp;trong nước s&ocirc;i từ 1-2 ph&uacute;t, sau đ&oacute; xả lại với nước lạnh để b&aacute;nh gạo kh&ocirc;ng d&iacute;nh v&agrave;o nhau rồi chế biến m&oacute;n ăn theo &yacute; th&iacute;ch.</span></p>\r\n<p style=\"text-align: justify;\"><span style=\"font-family: arial, helvetica, sans-serif;\"><strong>Hạn sử dụng:</strong>&nbsp;12 th&aacute;ng kể từ ng&agrave;y sản xuất</span></p>\r\n<p style=\"text-align: justify;\"><span style=\"font-family: arial, helvetica, sans-serif;\"><em>Gợi &yacute; m&oacute;n ăn:</em></span></p>\r\n<p style=\"text-align: justify;\"><span style=\"font-family: arial, helvetica, sans-serif;\"><em>&nbsp; &nbsp;+&nbsp;<a class=\"text-link\" title=\"B&aacute;nh Gạo Cay / Tteokbokki\" href=\"http://www.tteokbokki.vn/collections/menu/products/tteokbokki\">B&aacute;nh Gạo Cay</a>&nbsp;/&nbsp;<a class=\"text-link\" title=\"B&aacute;nh Gạo Cay / Tteokbokki\" href=\"http://www.tteokbokki.vn/collections/menu/products/tteokbokki\">Tteokbokki</a>&nbsp;&nbsp;<br />&nbsp; &nbsp;+ Topokki ph&ocirc; mai (&nbsp;<a class=\"text-link\" href=\"http://www.tteokbokki.vn/products/banh-gao\">B&aacute;nh gạo</a>&nbsp;+&nbsp;<a class=\"text-link\" href=\"http://www.tteokbokki.vn/collections/gia-vi-han-quoc/products/sot-topokki-cay-ngot-beksul\">Sốt topokki cay ngọt Beksul</a>&nbsp;+&nbsp;<a class=\"text-link\" href=\"http://www.tteokbokki.vn/collections/cac-loai-cha-ca-han-quoc/products/ch-ca-han-qu-c-odeng\">chả c&aacute; H&agrave;n Quốc</a>&nbsp;+&nbsp;<a class=\"text-link\" href=\"http://www.tteokbokki.vn/collections/cac-loai-pho-mai/products/pho-mai-soi-mozzarella\">ph&ocirc; mai sợi Mozzarella</a>)&nbsp;&nbsp;<br />&nbsp; &nbsp;+ Rabokki (&nbsp;<a class=\"text-link\" href=\"http://www.tteokbokki.vn/products/banh-gao\">B&aacute;nh gạo&nbsp;</a>+&nbsp;<a class=\"text-link\" href=\"http://www.tteokbokki.vn/collections/tuong-ot-han-quoc/products/tuong-ot-han-quoc-hop-200g\">Tương ớt Gochujang</a>&nbsp;+&nbsp;<a class=\"text-link\" href=\"http://www.tteokbokki.vn/collections/cac-loai-mi-bot-nau/products/mi-khong-vi-ottogi-ramyonsari-110g\">M&igrave; kh&ocirc;ng vị Ottogi</a>)<br />&nbsp; &nbsp;+ B&aacute;nh gạo sốt tương đen</em></span></p>', '60000', 'aa39cc6d7a.png', 1),
('bg_phomai', 'Bánh gạo nhân phô mai', 'banhgaocay', '<p style=\"text-align: justify;\"><strong>Cheese tteokbokki</strong>&nbsp;- một sự kết hợp độc đ&aacute;o tạo n&ecirc;n cơn sốt rộng lớn phủ khắp H&agrave;n Quốc n&oacute;i ri&ecirc;ng v&agrave; ch&acirc;u &Aacute; n&oacute;i chung, được rất nhiều người y&ecirc;u th&iacute;ch.</p>\r\n<p style=\"text-align: justify;\">B&ecirc;n trong những h&agrave;nh tinh<span>&nbsp;</span><a class=\"text-link\" href=\"https://www.tteokbokki.vn/products/banh-gao?variant=917644419\"><span class=\"highlightNode\">b&aacute;nh</span><span>&nbsp;</span><span class=\"highlightNode\">gạo</span></a><span>&nbsp;</span>l&agrave; l&otilde;i nham thạch<span>&nbsp;</span><a class=\"text-link\" href=\"https://www.tteokbokki.vn/collections/pho-mai-dong-lanh\"><span class=\"highlightNode\">ph&ocirc;</span><span>&nbsp;</span><span class=\"highlightNode\">mai</span></a><span>&nbsp;</span>n&oacute;ng chảy với hương vị tuyệt vời nhất Dải Ng&acirc;n H&agrave;, m&oacute;n ăn n&agrave;y đ&atilde; l&agrave;m xao xuyến biết bao con tim y&ecirc;u ẩm thực xứ H&agrave;n.</p>\r\n<p style=\"text-align: justify;\"><span class=\"highlightNode\">Tteokbokki</span><span>&nbsp;</span><span class=\"highlightNode\">nh&acirc;n</span><span>&nbsp;</span><span class=\"highlightNode\">ph&ocirc;</span><span>&nbsp;</span><span class=\"highlightNode\">mai</span><span>&nbsp;</span><span>thường được nấu k&egrave;m với</span><span>&nbsp;</span><span class=\"highlightNode\">tteokbokki</span><span>&nbsp;</span><span>kh&ocirc;ng&nbsp;</span><span class=\"highlightNode\">nh&acirc;n</span><span>, nấu lẩu, canh,...đều hấp dẫn. C&aacute;ch nấu</span><span>&nbsp;</span><span class=\"highlightNode\">b&aacute;nh</span><span>&nbsp;</span><span class=\"highlightNode\">gạo</span><span>&nbsp;</span><span>cay</span><span>&nbsp;nh&acirc;n ph&ocirc; mai cũng kh&aacute;</span><span>&nbsp;đơn giản v&agrave; kh&ocirc;ng mất nhiều thời gian, bạn c&oacute; thể tự l&agrave;m m&oacute;n</span><span>&nbsp;ăn&nbsp;</span><span>n&agrave;y ngay tại căn bếp của m&igrave;nh.</span></p>\r\n<p style=\"text-align: justify;\"><strong>B&aacute;nh gạo nh&acirc;n ph&ocirc; mai T&egrave;obokki</strong>&nbsp;lu&ocirc;n được sản xuất TƯƠI mỗi ng&agrave;y, ch&uacute;ng t&ocirc;i l&agrave;m việc chăm chỉ v&agrave; cẩn thận để đảm bảo chất lượng cho từng thỏi b&aacute;nh gạo tới tay người ti&ecirc;u d&ugrave;ng.</p>\r\n<p style=\"text-align: justify;\"><span>Qu&yacute; kh&aacute;ch c&oacute; thể thưởng thức m&oacute;n b&aacute;nh gạo cay với những combo gi&aacute; hời tại:&nbsp;<a class=\"text-link\" href=\"https://www.tteokbokki.vn/collections/giam-gia-theo-combo\">Giảm gi&aacute; theo combo</a></span></p>\r\n<p style=\"text-align: justify;\">Qu&yacute; kh&aacute;ch mua số lượng lớn sẽ c&oacute; gi&aacute; đặc biệt.</p>\r\n<p style=\"text-align: justify;\"><strong>Bảo quản:</strong>&nbsp;Ngăn m&aacute;t tủ lạnh</p>\r\n<p style=\"text-align: justify;\"><strong>Đ&oacute;ng g&oacute;i:</strong>&nbsp;250g, 500g</p>\r\n<p style=\"text-align: justify;\"><strong>Hạn sử dụng:</strong>&nbsp;<span>1 th&aacute;ng kể từ ng&agrave;y sản xuất. Sau khi mở bao n&ecirc;n sử dụng trong&nbsp;2-3 ng&agrave;y v&agrave; cột k&iacute;n bao, v&igrave; sản phẩm kh&ocirc;ng sử dụng chất bảo quản n&ecirc;n nhanh hư.</span></p>\r\n<p style=\"text-align: justify;\"><strong>Ng&agrave;y sản xuất:</strong>&nbsp;In tr&ecirc;n bao b&igrave; sản phẩm</p>\r\n<p style=\"text-align: justify;\"><em><strong>Gợi &yacute; m&oacute;n ăn:</strong>&nbsp;</em><a class=\"text-link\" href=\"https://www.tteokbokki.vn/collections/giam-gia-theo-combo/products/combo-banh-gao-tokbokki-sot-pho-mai-580g\">B&aacute;nh gạo ph&ocirc; mai sốt cay</a></p>\r\n<p style=\"text-align: justify;\"><strong>C&aacute;ch l&agrave;m:</strong></p>\r\n<p><em>+ Bắt l&ecirc;n bếp nước s&ocirc;i v&agrave;&nbsp;<a class=\"text-link\" href=\"https://www.tteokbokki.vn/products/sot-tteokbokki?variant=2352572611\">sốt tteobokki</a>&nbsp;với tỉ lệ 1:1</em></p>\r\n<p><em>+ Cắt nhỏ h&agrave;nh l&aacute;, chả c&aacute;, cải thảo</em></p>\r\n<p><em>+ Cho tất cả nguy&ecirc;n liệu v&agrave;o, đảo đều tay cho đến khi ch&iacute;n đều v&agrave; sốt đặc sệt lại l&agrave; vừa ngon</em></p>', '40000', '6713689630.png', 1),
('bg_thantre', 'Bánh gạo tinh than tre', 'banhgaocay', '<p style=\"text-align: justify;\">Tinh than tre kh&ocirc;ng phải l&agrave; một nguy&ecirc;n liệu qu&aacute; xa lạ trong chế biến m&oacute;n ăn khi n&oacute; đ&atilde; được sử dụng nhiều trong ẩm thực Nhật Bản nhưng lại rất \"mới\" v&agrave; \"hot\" ở Việt Nam.</p>\r\n<p style=\"text-align: justify;\">M&agrave;u đen tuyền đầy b&iacute; ẩn của loại bột n&agrave;y tr&ocirc;ng c&oacute; vẻ gh&ecirc; gớm nhưng khi kết hợp với c&aacute;c m&oacute;n b&aacute;nh lại tạo n&ecirc;n một sự đột ph&aacute; đầy s&aacute;ng tạo.</p>\r\n<p style=\"text-align: justify;\">Chạy theo tr&agrave;o lưu \"b&oacute;ng đ&ecirc;m\", \"b&aacute;nh m&igrave; than tre\", \"g&agrave; b&oacute;ng đ&ecirc;m\", T&egrave;obokki cũng vừa cho ra mắt ngay&nbsp;<strong>B&aacute;nh gạo tinh than tre&nbsp;</strong>để kịp thời bắt trend v&agrave; mang đến cho người ti&ecirc;u d&ugrave;ng c&oacute; th&ecirc;m trải nghiệm đầy mới lạ.</p>\r\n<p style=\"text-align: justify;\">Từng thỏi b&aacute;nh gạo dẻo dai đen đen hứa hẹn sẽ l&agrave;m n&ecirc;n m&oacute;n tokbokki chưa từng thấy!</p>\r\n<p style=\"text-align: justify;\">Giờ đ&acirc;y, fan nh&agrave; \"teok\" c&oacute; thể check in ngay tại 3 store để được thử m&oacute;n&nbsp;b&aacute;nh gạo b&oacute;ng đ&ecirc;m n&agrave;y sớm nhất.</p>\r\n<p style=\"text-align: justify;\"><strong>Th&agrave;nh phần:&nbsp;</strong>Gạo (70%), nước (29%), tinh than tre, muối&nbsp;</p>\r\n<p style=\"text-align: justify;\"><strong>Khối lượng tịnh:&nbsp;</strong>250g/bịch</p>\r\n<p style=\"text-align: justify;\"><strong>Bảo quản:&nbsp;</strong>Ngăn đ&ocirc;ng tủ lạnh (-18 độ C)</p>\r\n<p style=\"text-align: justify;\"><strong>Hạn sử dụng:&nbsp;</strong>90 ng&agrave;y kể từ ng&agrave;y sản xuất in tr&ecirc;n bao b&igrave; sản phẩm</p>\r\n<p style=\"text-align: justify;\"><strong>Hướng dẫn sử dụng:</strong>&nbsp;Sử dụng trong m&oacute;n tokbokki, lẩu,....</p>', '30000', '7e11cc6a7e.png', 0),
('mc_carbonara130', 'Mì gà cay Carbonara Samyang', 'mi', '<p data-mce-fragment=\"1\">Sự xuất hiện của&nbsp;<strong>M&igrave; g&agrave; cay Carbonara</strong>&nbsp;tr&ecirc;n thị trường như &ldquo;lấn &aacute;t&rdquo; c&aacute;c hương vị kh&aacute;c trong bộ sưu tập m&igrave; g&agrave; cay của Sam yang, chiếm trọn sự y&ecirc;u th&iacute;ch từ kh&aacute;ch h&agrave;ng bởi hương vị rất đặc biệt v&agrave; l&agrave; sản phẩm lu&ocirc;n g&acirc;y &ldquo;ch&aacute;y h&agrave;ng&rdquo; tại c&aacute;c si&ecirc;u thị lớn,nhỏ ở H&agrave;n Quốc&nbsp;</p>\r\n<p data-mce-fragment=\"1\">&nbsp;Kiểu d&aacute;ng của sợi mỳ g&agrave; cay Carbonara cũng rất đặc biệt, dẹp v&agrave; d&agrave;i hơn c&aacute;c loại th&ocirc;ng thường. Sợi m&igrave; mềm dai dai, trộn đều với sốt Carbonara thơm lừng, b&eacute;o ngậy l&agrave;m n&ecirc;n m&oacute;n ăn cay đặc trưng si&ecirc;u hấp dẫn.</p>\r\n<div>\r\n<p><strong>Khối lượng tịnh:</strong>&nbsp;140g/g&oacute;i</p>\r\n<p data-mce-fragment=\"1\"><strong data-mce-fragment=\"1\">Bảo quản:</strong>&nbsp;Nơi kh&ocirc; r&aacute;o tho&aacute;ng m&aacute;t</p>\r\n<p data-mce-fragment=\"1\"><strong data-mce-fragment=\"1\">Hạn sử dụng:</strong>&nbsp;12 th&aacute;ng kể từ ng&agrave;y sản xuất in tr&ecirc;n bao b&igrave; sản phẩm</p>\r\n<p data-mce-fragment=\"1\"><strong data-mce-fragment=\"1\">Ng&agrave;y sản xuất:</strong>&nbsp;Xem tr&ecirc;n bao b&igrave; sản phẩm</p>\r\n<p data-mce-fragment=\"1\"><strong data-mce-fragment=\"1\">Hướng dẫn sử dụng:</strong>&nbsp;</p>\r\n<p>Bước 1:&nbsp;Cho vắt m&igrave; v&agrave;o nước s&ocirc;i nấu từ 3-5 ph&uacute;t.</p>\r\n<p>Bước 2:&nbsp;Khi m&igrave; ch&iacute;n, đổ bớt nước ra (chừa lại khoảng 3 muỗng nước), cho g&oacute;i sốt v&agrave;o.</p>\r\n<p>Bước 3:&nbsp;Đảo đều cho đến khi nước sốt thấm đều v&agrave; sợi m&igrave; r&aacute;o nước.</p>\r\n<p><span>Một gợi &yacute; th&ecirc;m cho những ai kh&ocirc;ng giỏi ăn cay th&igrave; đừng qu&ecirc;n cho th&ecirc;m topping trứng, rau... để dễ d&agrave;ng thưởng thức hơn. Đặc biệt, nếu bạn muốn bữa ăn th&ecirc;m th&uacute; vị th&igrave; h&atilde;y thử ăn c&ugrave;ng bạn b&egrave; gia đ&igrave;nh để&nbsp;</span><strong>thử th&aacute;ch mức độ ăn cay</strong><span>&nbsp;của nhau nh&eacute;!</span></p>\r\n</div>', '25000', '5d5f00043a.jpg', 1),
('mc_samyang145g', 'Mì gà cay nước Samyang', 'mi', '<p style=\"text-align: justify;\" data-mce-fragment=\"1\">H&igrave;nh ảnh g&agrave; phun lửa đang phủ s&oacute;ng hầu hết tr&ecirc;n thị trường m&igrave; g&oacute;i H&agrave;n Quốc, l&agrave;m team th&iacute;ch ăn cay m&ecirc; mệt với độ cay x&eacute; lưỡi si&ecirc;u k&iacute;ch th&iacute;ch vị gi&aacute;c của từng sợi m&igrave; mang lại.</p>\r\n<p style=\"text-align: justify;\" data-mce-fragment=\"1\">Mỗi vị m&igrave; g&agrave; cay được tung ra đều c&oacute; điểm đặc biệt ri&ecirc;ng nhằm thu h&uacute;t v&agrave; phục vụ đa dạng đối tượng người ti&ecirc;u d&ugrave;ng. Ai th&iacute;ch ăn loại m&igrave; nước, muốn th&aacute;ch thức độ ăn cay của m&igrave;nh th&igrave; c&oacute; thể chọn ngay &ldquo;<strong data-mce-fragment=\"1\">M&igrave; g&agrave; cay nước Samyang 145g</strong>&rdquo;.</p>\r\n<p style=\"text-align: justify;\" data-mce-fragment=\"1\"><span>Sợi m&igrave; to tr&ograve;n dai dai kết hợp với g&oacute;i nước sốt&nbsp;vừa si&ecirc;u cay vừa mang&nbsp;vị ngọt tinh tế tạo n&ecirc;n hương vị đặc trưng khiến bạn&nbsp;kh&ocirc;ng ngừng xu&yacute;t xoa. M&igrave; nấu ch&iacute;n trong nước s&uacute;p sẽ c&oacute;&nbsp;hương thơm lan tỏa trong kh&ocirc;ng kh&iacute;, khi thưởng thức sẽ kh&oacute; thể n&agrave;o qu&ecirc;n được.</span></p>\r\n<p style=\"text-align: justify;\" data-mce-fragment=\"1\"><strong data-mce-fragment=\"1\">Th&agrave;nh phần:&nbsp;</strong>Bột m&igrave;, dầu cọ, muối, tinh bột sắn, dầu đậu n&agrave;nh, chất điều vị chua...</p>\r\n<p style=\"text-align: justify;\" data-mce-fragment=\"1\"><strong data-mce-fragment=\"1\">Quy c&aacute;ch đ&oacute;ng g&oacute;i</strong>: 145g/g&oacute;i</p>\r\n<p style=\"text-align: justify;\" data-mce-fragment=\"1\"><strong data-mce-fragment=\"1\">Xuất xứ</strong>: H&agrave;n Quốc.</p>\r\n<p style=\"text-align: justify;\" data-mce-fragment=\"1\"><strong data-mce-fragment=\"1\">Hướng dẫn bảo quản:&nbsp;</strong>Nơi kh&ocirc; r&aacute;o, tho&aacute;ng m&aacute;t tr&aacute;nh &aacute;nh nắng mặt trời.</p>\r\n<p style=\"text-align: justify;\" data-mce-fragment=\"1\"><strong data-mce-fragment=\"1\">Hạn sử dụng</strong>: 12 th&aacute;ng kể từ ng&agrave;y sản xuất.</p>\r\n<p style=\"text-align: justify;\" data-mce-fragment=\"1\"><strong data-mce-fragment=\"1\">Hướng dẫn sử dụng</strong>: Cho m&igrave; v&agrave; g&oacute;i s&uacute;p v&agrave;o nước s&ocirc;i, nấu khoảng 5 ph&uacute;t. Sau đ&oacute; tắt lửa trộn đều v&agrave; thưởng thức.</p>', '25000', '50cd818551.jpg', 1),
('mc_samyangphomai', 'Mì gà cay phô mai Samyang', 'mi', '<p style=\"text-align: justify;\">Trong c&aacute;c loại m&igrave; g&oacute;i ăn liền nhập khẩu v&agrave;o Việt Nam th&igrave; M&igrave; g&agrave; cay Samyang l&agrave; một trong những c&aacute;i t&ecirc;n được người ti&ecirc;u d&ugrave;ng y&ecirc;u th&iacute;ch v&agrave; lựa chọn nhiều nhất.</p>\r\n<p style=\"text-align: justify;\">Sợi m&igrave; v&agrave;ng dai c&ugrave;ng c&aacute;c g&oacute;i sốt đa dạng mang độ cay x&eacute; lưỡi của tập đo&agrave;n g&agrave; phun lửa đ&atilde; tạo n&ecirc;n một l&agrave;n s&oacute;ng cực &ldquo;hot&rdquo; trong thị trường m&igrave; ăn liền.</p>\r\n<p style=\"text-align: justify;\"><strong>M&igrave; G&agrave; Cay Ph&ocirc; Mai Samyang G&oacute;i 140g&nbsp;</strong><span>c&oacute; sợi m&igrave; to tr&ograve;n, v&agrave;ng dai k&egrave;m theo đ&oacute; l&agrave; g&oacute;i sốt ph&ocirc; mai đậm vị b&eacute;o thơm. Nếu bạn l&agrave; người kh&ocirc;ng giỏi ăn cay, th&iacute;ch độ b&eacute;o th&igrave; vị m&igrave; n&agrave;y sẽ l&agrave; một lựa chọn tuyệt vời d&agrave;nh cho bạn.</span></p>\r\n<p style=\"text-align: justify;\"><strong>Th&agrave;nh phần:&nbsp;</strong>Bột m&igrave;, tinh bộ sắn, dầu cọ, gluten bột m&igrave;, muối, nước, xốt ph&ocirc; mai cay, xốt tương, đường, hương g&agrave;, dầu n&agrave;nh, tỏi hương thịt, tinh bột biến t&iacute;nh, bột ớt, dầu ớt, bột ti&ecirc;u,...</p>\r\n<p style=\"text-align: justify;\"><strong>Trọng lượng</strong>: 140g/g&oacute;i</p>\r\n<p style=\"text-align: justify;\"><strong>Bảo quản:</strong>&nbsp;Nơi kh&ocirc; r&aacute;o, tho&aacute;ng m&aacute;t v&agrave; tr&aacute;nh &aacute;nh nắng mặt trời</p>\r\n<p style=\"text-align: justify;\"><strong>Hạn sử dụng:&nbsp;</strong>12 th&aacute;ng kể từ ng&agrave;y sản xuất</p>\r\n<p style=\"text-align: justify;\"><strong>Hướng dẫn sử dụng:</strong>&nbsp;<span>Cho g&oacute;i m&igrave; v&agrave;o đun s&ocirc;i tầm 5 ph&uacute;t, luộc m&igrave; cho đến khi sợi m&igrave; mềm, đổ bớt nước chừa lại khoảng 2 muỗng nước, cho v&agrave;o t&ocirc;&nbsp;v&agrave;&nbsp;cho g&oacute;i gia vị v&agrave;o, trộn đều v&agrave; thưởng thức.</span></p>\r\n<div style=\"text-align: justify;\"><span><br /></span><span>Sản phẩm được đ&oacute;ng g&oacute;i nhỏ gọn, tiện lợi gi&uacute;p bạn dễ d&agrave;ng bảo quản, đặc biệt l&agrave; gi&uacute;p bạn giải quyết nhanh cơn đ&oacute;i bất kể l&uacute;c n&agrave;o.</span></div>', '25000', '482be41502.jpg', 0),
('mien_beksul', 'Miến khô Beksul', 'mienkho', '<div><strong>Miến Kh&ocirc; Beksul</strong>&nbsp;chế biến từ những th&agrave;nh phần tự nhi&ecirc;n, kh&ocirc;ng sử dụng h&oacute;a chất độc hại, sản phẩm mang hương vị tự nhi&ecirc;n, an to&agrave;n cho sức khỏe người d&ugrave;ng, dễ d&agrave;ng chế biến cho bạn một m&oacute;n ăn d&ugrave;ng cho bữa s&aacute;ng hoặc trong c&aacute;c bữa ăn hằng ng&agrave;y.</div>\r\n<div>&nbsp;</div>\r\n<div>\r\n<p><span>Khi chế biến miến sẽ c&oacute; độ dai mềm v&agrave; m&agrave;u trắng đục tự nhi&ecirc;n hấp dẫn khi thưởng thức. Kh&ocirc;ng chỉ vậy miến c&ograve;n chế biến được kh&aacute; nhiều m&oacute;n ăn như miến trộn hoặc l&agrave;m nh&acirc;n h&aacute; cả hoặc chả gi&ograve;,...&nbsp;</span></p>\r\n<p><span>Ngo&agrave;i ra sản phẩm được sản xuất theo quy tr&igrave;nh hiện đại đảm bảo vệ sinh, kh&ocirc;ng lẫn tạp chất mang lại sự ngon miệng cho người d&ugrave;ng.</span></p>\r\n</div>\r\n<p><strong>Th&agrave;nh phần:</strong><span>&nbsp;Bột khoai lang</span></p>\r\n<p><strong>Đ&oacute;ng g&oacute;i:</strong><span>&nbsp;300g, 1kg</span></p>\r\n<p><strong>Bảo quản</strong>: Để nơi kh&ocirc; r&aacute;o v&agrave; tho&aacute;ng m&aacute;t, tr&aacute;nh &aacute;nh nắng trực tiếp</p>\r\n<p><strong>Hạn sử dụng</strong>: 24 th&aacute;ng kể từ ng&agrave;y sản xuất</p>\r\n<p><strong>Hướng dẫn sử dụng</strong>: Luộc miến trong nước s&ocirc;i trong v&ograve;ng 6 ph&uacute;t, sau đ&oacute; rửa lại với nước lạnh - sau đ&oacute; chế biến m&oacute;n ăn t&ugrave;y th&iacute;ch.</p>', '85000', 'f1de627373.jpg', 1),
('mien_chungjugone', 'Miến Chungjungone', 'mienkho', '<p style=\"text-align: justify;\">Miến l&agrave; một nguy&ecirc;n liệu thực phẩm kh&aacute; quen thuộc với c&aacute;c nước Ch&acirc;u &Aacute; ch&uacute;ng ta. V&igrave; n&oacute; l&agrave;m được kh&aacute; nhiều m&oacute;n ăn đa dạng v&agrave; đặc biệt ăn nhiều sẽ kh&ocirc;ng bị n&oacute;ng.</p>\r\n<p style=\"text-align: justify;\"><strong>Miến Chungjungone 500g</strong>&nbsp;<span data-mce-fragment=\"1\">c&oacute; sợi dai mềm, m&agrave;u trắng đục tự nhi&ecirc;n, cọng to th&iacute;ch hợp sử dụng để chế biến th&agrave;nh nhiều m&oacute;n ăn kh&aacute;c nhau như miến x&agrave;o, miến trộn, canh miến mặn,...</span><span data-mce-fragment=\"1\">Ngo&agrave;i ra, loại thực phẩm n&agrave;y c&oacute; thể d&ugrave;ng l&agrave;m nh&acirc;n b&aacute;nh, nh&acirc;n h&aacute; cảo.</span></p>\r\n<p style=\"text-align: justify;\">Sản phẩm được đ&oacute;ng g&oacute;i<span data-mce-fragment=\"1\">&nbsp;trong t&uacute;i PP đảm bảo vệ sinh an to&agrave;n thực phẩm.</span></p>\r\n<p style=\"text-align: justify;\"><strong>Xuất xứ<span>:&nbsp;</span></strong>H&agrave;n Quốc</p>\r\n<p style=\"text-align: justify;\"><strong>Đ&oacute;ng g&oacute;i:</strong>&nbsp;500g</p>\r\n<p style=\"text-align: justify;\"><strong>Bảo quản:</strong>&nbsp;Để nơi kh&ocirc; r&aacute;o v&agrave; tho&aacute;ng m&aacute;t, tr&aacute;nh &aacute;nh nắng trực tiếp</p>\r\n<p style=\"text-align: justify;\"><strong>Hạn sử dụng:</strong>&nbsp;12 th&aacute;ng kể từ ng&agrave;y sản xuất</p>\r\n<p style=\"text-align: justify;\"><strong>Hướng dẫn sử dụng:</strong>&nbsp;Luộc miến trong nước s&ocirc;i khoảng 10p sau đ&oacute; rửa lại bằng nước lạnh - c&oacute; thể chế biến những m&oacute;n ăn như miến trộn,...</p>', '105000', '85fde5e0c1.jpg', 1),
('ob_hanaro', 'Ớt bột Hàn Quốc Hanaro mịn', 'botot', '<p style=\"text-align: justify;\">Nổi tiếng l&agrave; xứ xở th&iacute;ch ăn cay n&ecirc;n hầu hết c&aacute;c m&oacute;n ăn của người H&agrave;n đều c&oacute; sự xuất hiện của ớt bột &ndash; một loại gia vị kh&ocirc;ng thể thiếu trong căn bếp của người người, nh&agrave; nh&agrave;.</p>\r\n<p style=\"text-align: justify;\"><a class=\"text-link\" href=\"https://www.tteokbokki.vn/collections/ot-bot-han-quoc\">Ớt bột H&agrave;n Quốc</a>&nbsp;kh&ocirc;ng chỉ gi&uacute;p m&oacute;n ăn th&ecirc;m đậm vị, m&agrave;u sắc bắt mắt hấp dẫn m&agrave; c&ograve;n g&oacute;p phần l&agrave;m tăng sự k&iacute;ch th&iacute;ch vị gi&aacute;c gi&uacute;p bữa ăn trở n&ecirc;n ngon miệng hơn.</p>\r\n<p style=\"text-align: justify;\"><strong>Ớt bột H&agrave;n Quốc Hanaro VẢY 1kg&nbsp;</strong>được chế biến từ 100% ớt tươi nguy&ecirc;n chất được chọn lọc kỹ c&agrave;ng</p>\r\n<p style=\"text-align: justify;\">Ớt được phơi kh&ocirc;, xay nhỏ, c&oacute; m&agrave;u đỏ tự nhi&ecirc;n bắt mắt, gi&uacute;p bạn dễ d&agrave;ng sử dụng trong chế biến c&aacute;c m&oacute;n ăn.</p>\r\n<p style=\"text-align: justify;\">Sản phẩm được đ&oacute;ng g&oacute;i tiện lợi cho việc bảo quản l&acirc;u m&agrave; kh&ocirc;ng bị ảnh hưởng đến chất lượng bột ớt.</p>\r\n<p style=\"text-align: justify;\"><strong>Bảo quản:</strong>&nbsp;Nơi kh&ocirc; r&aacute;o, tho&aacute;ng m&aacute;t v&agrave; tr&aacute;nh &aacute;nh nắng mặt trời</p>\r\n<p style=\"text-align: justify;\"><strong>Đ&oacute;ng g&oacute;i:</strong>&nbsp;1kg/bịch</p>\r\n<p style=\"text-align: justify;\"><strong>Hạn sử dụng:</strong>&nbsp;1 năm kể từ ng&agrave;y sản xuất</p>\r\n<p style=\"text-align: justify;\"><strong>Xuất xứ:</strong>&nbsp;<strong>Ớt bột l&agrave;m từ ớt giống H&agrave;n Quốc, sản xuất tại Trung Quốc</strong></p>', '175000', 'd1e465176e.jpg', 0),
('ob_ourhome', 'Ớt bột Mịn Ourhome', 'botot', '<p>Nổi tiếng l&agrave; xứ xở th&iacute;ch ăn cay n&ecirc;n hầu hết c&aacute;c m&oacute;n ăn của người H&agrave;n đều c&oacute; sự xuất hiện của ớt bột &ndash; một loại gia vị kh&ocirc;ng thể thiếu trong căn bếp của người người, nh&agrave; nh&agrave;.</p>\r\n<p><a class=\"text-link\" href=\"https://www.tteokbokki.vn/collections/ot-bot-han-quoc\">Ớt bột H&agrave;n Quốc</a>&nbsp;kh&ocirc;ng chỉ gi&uacute;p m&oacute;n ăn th&ecirc;m đậm vị, m&agrave;u sắc bắt mắt hấp dẫn m&agrave; c&ograve;n g&oacute;p phần l&agrave;m tăng sự k&iacute;ch th&iacute;ch vị gi&aacute;c gi&uacute;p bữa ăn trở n&ecirc;n ngon miệng hơn.</p>\r\n<p>Ớt bột H&agrave;n Quốc thường được chia l&agrave;m 2 loại l&agrave; ớt bột dạng vảy v&agrave; ớt bột dạng mịn.</p>\r\n<p><strong>Ớt bột MỊN Ourhome&nbsp;</strong>l&agrave; loại ớt được c&aacute;c đầu bếp kh&oacute; t&iacute;nh ưa d&ugrave;ng v&igrave; kh&ocirc;ng muốn thấy vẩy ớt b&aacute;m l&ecirc;n thức ăn m&agrave; chỉ muốn bột ớt h&ograve;a tan hết v&agrave;o nước d&ugrave;ng, tạo một m&agrave;u đỏ tự nhi&ecirc;n bằng một lớp bột ớt mịn b&aacute;m đều.</p>\r\n<p><strong>Th&agrave;nh phần:</strong>&nbsp;100% ớt bột</p>\r\n<p><strong>Bảo quản:</strong><span>&nbsp;Nơi kh&ocirc; tho&aacute;ng, tr&aacute;nh &aacute;nh nắng mặt trời, ớt sau khi mở bao n&ecirc;n bảo quản tủ lạnh để giữ bột ớt được tươi ngon nhất.</span></p>\r\n<p><span><strong>Đ&oacute;ng g&oacute;i:</strong>&nbsp;500g, 1kg, 2.5kg</span></p>\r\n<p><span><strong>Hướng dẫn sử dụng:</strong>&nbsp;Sử dụng trực tiếp hoặc d&ugrave;ng để chế biến c&aacute;c m&oacute;n ăn,</span></p>\r\n<p><span><strong>Hạn sử dụng:</strong>&nbsp;2 năm kể từ ng&agrave;y sản xuất</span></p>\r\n<p><strong></strong><strong>Gợi &yacute; m&oacute;n ăn:</strong></p>\r\n<p>-<span>&nbsp;</span><a class=\"text-link\" href=\"https://www.tteokbokki.vn/collections/thuc-don/products/tteokbokki?variant=1056498543\">B&aacute;nh gạo cay</a><br />- Canh tương đậu</p>', '135000', '2ea986fc75.png', 0),
('ot_Chungwoo', 'Ớt bột cấp độ Chungwoo', 'botot', '<p style=\"text-align: justify;\">Nổi tiếng l&agrave; xứ sở th&iacute;ch ăn cay n&ecirc;n hầu hết c&aacute;c m&oacute;n ăn của người H&agrave;n đều c&oacute; sự xuất hiện của ớt bột &ndash; một loại gia vị kh&ocirc;ng thể thiếu trong căn bếp của người người, nh&agrave; nh&agrave;.</p>\r\n<p style=\"text-align: justify;\"><a class=\"text-link\" href=\"https://www.tteokbokki.vn/collections/ot-bot-han-quoc\">Ớt bột H&agrave;n Quốc</a><span>&nbsp;</span>kh&ocirc;ng chỉ gi&uacute;p m&oacute;n ăn th&ecirc;m đậm vị, m&agrave;u sắc bắt mắt hấp dẫn m&agrave; c&ograve;n g&oacute;p phần l&agrave;m tăng sự k&iacute;ch th&iacute;ch vị gi&aacute;c gi&uacute;p bữa ăn trở n&ecirc;n ngon miệng hơn.</p>\r\n<p style=\"text-align: justify;\">Ớt bột H&agrave;n Quốc thường được chia l&agrave;m 2 loại l&agrave; ớt bột dạng vảy v&agrave; ớt bột dạng mịn.</p>\r\n<p style=\"text-align: justify;\"><strong>Ớt bột cấp độ Chungwoo<span>&nbsp;</span></strong>l&agrave; loại ớt bột&nbsp;dạng mịn được c&aacute;c đầu bếp kh&oacute; t&iacute;nh ưa d&ugrave;ng v&igrave; kh&ocirc;ng muốn thấy vẩy ớt b&aacute;m l&ecirc;n thức ăn m&agrave; chỉ muốn bột ớt h&ograve;a tan hết v&agrave;o nước d&ugrave;ng, tạo một m&agrave;u đỏ tự nhi&ecirc;n bằng một lớp bột ớt mịn b&aacute;m đều.</p>\r\n<p style=\"text-align: justify;\">Kh&ocirc;ng những tạo m&agrave;u đỏ đẹp mắt cho m&oacute;n ăn m&agrave; đ&acirc;y c&ograve;n l&agrave; loại ớt rất cay ph&ugrave; hợp để chế biến những m&oacute;n ăn cay si&ecirc;u cấp như m&igrave; cay cấp độ,<span>&nbsp;</span><a class=\"text-link\" href=\"https://www.tteokbokki.vn/blogs/recipe/huong-dan-lam-ga-cay-pho-mai-han-quoc-dakgalbi\">g&agrave; cay ph&ocirc; mai</a>,...</p>\r\n<p style=\"text-align: justify;\"><strong>Bảo quản:</strong><span>&nbsp;Nơi kh&ocirc; tho&aacute;ng, tr&aacute;nh &aacute;nh nắng mặt trời, ớt sau khi mở bao hạn chế tiếp x&uacute;c với kh&ocirc;ng kh&iacute; dễ bị ẩm mốc</span></p>\r\n<p style=\"text-align: justify;\"><span><strong>Đ&oacute;ng g&oacute;i:</strong>&nbsp;400g/chai</span></p>\r\n<p style=\"text-align: justify;\"><span><strong>Hạn sử dụng:</strong>&nbsp;1 năm kể từ ng&agrave;y sản xuất</span></p>\r\n<p style=\"text-align: justify;\"><strong>Xuất xứ:</strong>&nbsp;Ớt bột l&agrave;m từ ớt giống H&agrave;n Quốc, sản xuất tại Trung Quốc.</p>\r\n<p style=\"text-align: justify;\"><strong>Gợi &yacute; m&oacute;n ăn:</strong></p>\r\n<p style=\"text-align: justify;\">- B&aacute;nh gạo cay<br />- Canh tương đậu</p>', '140000', '65673b2041.jpg', 1),
('rb_haesong', 'Rong biển trộn cơm Haesong', 'rongbien', '<p>T&egrave;obokki tiếp tục về th&ecirc;m loại&nbsp;<a class=\"text-link\" href=\"https://www.tteokbokki.vn/collections/rong-bien-tron-com\">rong biển trộn cơm&nbsp;</a>mới cho kh&aacute;ch h&agrave;ng c&oacute; nhiều lựa chọn đạ dạng.</p>\r\n<p><strong>Rong biển trộn cơm Haesong</strong>&nbsp;l&agrave; sự kết hợp h&agrave;i h&ograve;a giữa rong biển vụn sấy kh&ocirc;, m&egrave; rang v&agrave; gia vị mang đến một loại snack tiện lợi cho người ti&ecirc;u d&ugrave;ng. C&oacute; thể d&ugrave;ng để trộn cơm, m&igrave;, ch&aacute;o,...đều được.</p>\r\n<p>Đặc biệt sản phẩm c&oacute; kh&oacute;a k&eacute;o zip gi&uacute;p bạn dễ d&agrave;ng bảo quản v&agrave; sử dụng. Th&iacute;ch hợp manng theo đi học, đi l&agrave;m, picnic,...</p>\r\n<p><strong>Th&agrave;nh phần:&nbsp;</strong>Rong biển, dầu ng&ocirc;, dầu t&iacute;a t&ocirc;, đường, vừng, muối,...</p>\r\n<p><strong>Khối lượng tịnh:</strong><span>&nbsp;50g/g&oacute;i</span></p>\r\n<p><strong>Bảo quản:</strong><span>&nbsp;</span>Nơi kh&ocirc; r&aacute;o, tho&aacute;ng m&aacute;t, tr&aacute;nh &aacute;nh nắng mặt trời</p>\r\n<p><strong>Hạn sử dụng:</strong><span>&nbsp;12 th&aacute;ng kể từ ng&agrave;y sản xuất</span></p>', '40000', '42143989e4.jpg', 1),
('rb_heasongoliu', 'Rong biển tẩm dầu oliu Haesong', 'rongbien', '<p><em>Snack rong biển</em>&nbsp;chưa bao giờ l&agrave; m&oacute;n g&acirc;y nh&agrave;m ch&aacute;n đối với c&aacute;c th&aacute;nh ăn vặt m&agrave; ngược lại c&ograve;n ng&agrave;y c&agrave;ng được y&ecirc;u th&iacute;ch bởi sự đa dạng của c&aacute;c hương vị mới lạ như&nbsp;<a class=\"text-link\" href=\"https://www.tteokbokki.vn/collections/rong-bien-an-lien/products/rong-bien-vi-kim-chi-godbawee-5g?variant=31225697599582\">rong biển vị kimchi</a>,&nbsp;<a class=\"text-link\" href=\"https://www.tteokbokki.vn/collections/rong-bien-an-lien/products/rong-bien-an-lien-trung-ca-pollack-chungjungone-3-8g\">rong biển trứng c&aacute;</a>,&nbsp;<a class=\"text-link\" href=\"https://www.tteokbokki.vn/collections/rong-bien-an-lien/products/rong-bien-an-lien-vi-tra-xanh-maeil-4g\">rong biển tr&agrave; xanh</a>,...</p>\r\n<p>V&agrave; h&ocirc;m nay T&egrave;obokki xin giới thiệu đến c&aacute;c bạn th&ecirc;m một loại rong biển mới cũng c&oacute; độ hot kh&ocirc;ng k&eacute;m, đ&oacute; l&agrave;<strong>&nbsp;Rong Biển Tẩm Dầu Oliu Haesong 4g</strong></p>\r\n<p><span>Với từng l&aacute; rong biển gi&ograve;n dai c&oacute; vị mặn kh&ocirc;ng gắt v&agrave; hương vị thơm tự nhi&ecirc;n của dầu &ocirc;liu,&nbsp; đ&acirc;y&nbsp;sẽ l&agrave; lựa chọn ho&agrave;n hảo cho c&aacute;c buổi ăn vặt khi xem phim, vui chơi d&atilde; ngoại,...</span></p>\r\n<p>Ngo&agrave;i ra, bạn c&oacute; thể trộn với cơm hoặc ăn k&egrave;m<span>&nbsp;</span><a class=\"text-link\" href=\"https://www.tteokbokki.vn/collections/mi-goi-han-quoc\">m&igrave; g&oacute;i</a><span>&nbsp;</span>để bữa ăn trở n&ecirc;n dinh dưỡng v&agrave; phong ph&uacute; hơn.</p>\r\n<p>Sản phẩm đ&oacute;ng bao gọn nhẹ, dễ d&agrave;ng bảo quản v&agrave; sử dụng.</p>\r\n<p><strong>Khối lượng tịnh:</strong>&nbsp;4g/g&oacute;i (lốc 3 g&oacute;i)</p>\r\n<p><strong>Bảo quản:</strong>&nbsp;Nơi kh&ocirc; r&aacute;o, tho&aacute;ng m&aacute;t v&agrave; tr&aacute;nh &aacute;nh nắng mặt trời</p>\r\n<p><strong>Hạn sử dụng:</strong>&nbsp;12 th&aacute;ng kể từ ng&agrave;y sản xuất</p>\r\n<p><strong>Hướng dẫn sử dụng:</strong>&nbsp;Ăn trực tiếp hoặc d&ugrave;ng k&egrave;m với cơm, m&igrave;.....</p>', '10000', 'b93f66e689.jpg', 0),
('rb_Ofoodcuon5la', 'Rong biển cuộn kimbap Ofood', 'rongbien', '<p><span>Nếu</span><span>&nbsp;</span><a class=\"text-link\" href=\"https://www.tteokbokki.vn/collections/rong-bien-cuon-kimbap\">rong biển cuộn cơm</a><span>&nbsp;</span><span>10 l&aacute; qu&aacute; nhiều so với nhu cầu sử dụng của bạn th&igrave; nay đ&atilde; c&oacute; th&ecirc;m một loại rong biển cuộn 5 l&aacute; ph&ugrave; hợp hơn, kh&ocirc;ng cần phải lo bảo quản nếu ăn kh&ocirc;ng kịp.</span></p>\r\n<p><strong>Rong biển cuộn kimbap 5 l&aacute; Ofood 10g</strong>&nbsp;được l&agrave;m từ rong biển sạch H&agrave;n Quốc c&oacute; độ mềm, dai ti&ecirc;u chuẩn, ph&ugrave; hợp để bạn chế biến c&aacute;c m&oacute;n ăn.</p>\r\n<p>Th&iacute;ch hợp l&agrave;m c&aacute;c m&oacute;n ăn như kimbap, sushi, temaki,...hoặc ăn trực tiếp như snack.</p>\r\n<p>Đ&oacute;ng g&oacute;i gọn nhẹ dễ d&agrave;ng sử dụng v&agrave; mang theo.</p>\r\n<p><strong>Th&agrave;nh phần:</strong><span>&nbsp;</span>Rong biển 100%</p>\r\n<p><strong>Đ&oacute;ng g&oacute;i:</strong><span>&nbsp;10g</span>/bịch 5 l&aacute;</p>\r\n<p><strong>Bảo quản:</strong><span>&nbsp;</span>Nơi kh&ocirc; r&aacute;o, tho&aacute;ng m&aacute;t v&agrave; tr&aacute;nh &aacute;nh nắng mặt trời</p>\r\n<p><strong>Hướng dẫn sử dụng:</strong><span>&nbsp;</span>D&ugrave;ng để cuộn kimbap, trứng cuộn. sushi,....</p>\r\n<p><strong>Hạn sử dụng:</strong><span>&nbsp;</span>1 năm kể từ ng&agrave;y sản xuất</p>\r\n<p><em><strong>C&aacute;ch l&agrave;m cơm cuộn kimbap/sushi:</strong></em></p>\r\n<ul>\r\n<li>Đặt miếng rong biển l&ecirc;n tấm<span>&nbsp;</span><a class=\"text-link\" href=\"https://www.tteokbokki.vn/products/manh-cuon-artecle-xanh\">m&agrave;nh tre</a></li>\r\n<li>Trải đều cơm l&ecirc;n miếng rong biển (kh&ocirc;ng trải cơm qu&aacute; nhiều v&agrave; chừa 2 b&ecirc;n m&eacute;p m&agrave;nh để cuộn dễ hơn)</li>\r\n<li>Cho th&ecirc;m c&aacute;c nguy&ecirc;n liệu kh&aacute;c như dưa leo, trứng,<span>&nbsp;</span><a class=\"text-link\" href=\"https://www.tteokbokki.vn/products/thit-nuong-cuon-kimbap-sajo-200g\">thịt nướng</a>,<span>&nbsp;</span><a class=\"text-link\" href=\"https://www.tteokbokki.vn/products/thanh-cua-han-quoc-cuon-kimbap-sajo?variant=2096874881036\">thanh cua</a>, c<a class=\"text-link\" href=\"https://www.tteokbokki.vn/collections/cu-cai-vang\">ủ cải v&agrave;ng</a>,...</li>\r\n<li>D&ugrave;ng lực vừa phải để cuốn theo tấm m&agrave;nh</li>\r\n<li>Cắt th&agrave;nh khoanh v&agrave; thưởng thức.</li>\r\n</ul>\r\n<p><span><br /></span></p>', '25000', '8c39a74dbc.png', 0),
('ruou_chamisulman', 'Rượu Soju Chamisul mận', 'ruou', '<p><strong>Rượu Soju Mận</strong><span>&nbsp;thơm m&ugrave;i mận ch&iacute;n kh&ocirc;ng chỉ l&agrave; đồ uống giải kh&aacute;t ngon m&aacute;t, nhẹ nh&agrave;ng m&agrave; c&ograve;n rất th&iacute;ch hợp để uống c&ugrave;ng với&nbsp;c&aacute;c m&oacute;n nướng lẩu, hải sản trong c&aacute;c bữa tiệc, li&ecirc;n hoan.</span></p>\r\n<p><span>Soju được xem l&agrave; quốc tửu của H&agrave;n Quốc. Đối với một quốc gia c&oacute; văn h&oacute;a uống rượu ph&aacute;t triển cực thịnh&nbsp;như H&agrave;n Quốc th&igrave; soju ch&iacute;nh loại rượu tốt nhất với nồng độ thấp, &ecirc;m m&agrave;&nbsp;gi&aacute; th&agrave;nh lại&nbsp;rẻ hơn so với c&aacute;c loại rượu mạnh kh&aacute;c.</span></p>\r\n<p>Th&agrave;nh phần: gạo,nước, đường, men được lọc qua lớp than tre hoạt t&iacute;nh, hương mận tự nhi&ecirc;n.</p>\r\n<p>Nồng độ cồn: 13%</p>\r\n<p>Bảo quản: rượu phải được bảo quản ở điều kiện kh&ocirc; r&aacute;o tho&aacute;ng m&aacute;t, đảm bảo vệ sinh v&agrave; tr&aacute;nh tiếp x&uacute;c trực tiếp với &aacute;nh nắng mặt trời.</p>\r\n<p>Thể t&iacute;ch thực: 360ml/chai</p>\r\n<p>&nbsp;Hạn sử dụng: Kh&ocirc;ng c&oacute; thời hạn sử dụng</p>\r\n<p>&nbsp;Hướng dẫn sử dụng: d&ugrave;ng uống trực tiếp, ngon hơn khi ướp lạnh</p>', '70000', 'a2e02f63fd.png', 0),
('ruou_chamisulnho', 'Rượu Soju Chamisul nho', 'ruou', '<p><strong>Rượu Soju Nho</strong><span>&nbsp;kh&ocirc;ng chỉ l&agrave; đồ uống giải kh&aacute;t ngon m&aacute;t, nhẹ nh&agrave;ng m&agrave; c&ograve;n rất th&iacute;ch hợp để uống c&ugrave;ng với&nbsp;c&aacute;c m&oacute;n nướng lẩu, hải sản trong c&aacute;c bữa tiệc, li&ecirc;n hoan.</span></p>\r\n<p><span>Soju được xem l&agrave; quốc tửu của H&agrave;n Quốc. Đối với một quốc gia c&oacute; văn h&oacute;a uống rượu ph&aacute;t triển cực thịnh&nbsp;như H&agrave;n Quốc th&igrave; soju ch&iacute;nh loại rượu tốt nhất với nồng độ thấp, &ecirc;m m&agrave;&nbsp;gi&aacute; th&agrave;nh lại&nbsp;rẻ hơn so với c&aacute;c loại rượu mạnh kh&aacute;c.</span></p>\r\n<p><span>Th&agrave;nh phần: gạo,nước, đường, men được lọc qua lớp than tre hoạt t&iacute;nh, hương nho tự nhi&ecirc;n.</span></p>\r\n<p><span>Nồng độ cồn: 13%</span></p>\r\n<p><span>Bảo quản: rượu phải được bảo quản ở điều kiện kh&ocirc; r&aacute;o tho&aacute;ng m&aacute;t, đảm bảo vệ sinh v&agrave; tr&aacute;nh tiếp x&uacute;c trực tiếp với &aacute;nh nắng mặt trời.</span></p>\r\n<p><span>Thể t&iacute;ch thực: 360ml/chai</span></p>\r\n<p>&nbsp;<span>Hạn sử dụng: Kh&ocirc;ng c&oacute; thời hạn sử dụng</span></p>\r\n<p><span>&nbsp;Hướng dẫn sử dụng: d&ugrave;ng uống trực tiếp, ngon hơn khi ướp lạnh</span></p>', '70000', '89858aad70.jpg', 0),
('ruou_chumchurumdao', 'Rượu Soju Chumchurum đào', 'ruou', '<p>Tập đo&agrave;n Lotte đ&atilde; kết hợp kinh nghiệm truyền thống với&nbsp;c&ocirc;ng nghệ sản xuất ti&ecirc;n tiến v&agrave; hệ thống quản l&yacute; chất lượng nghi&ecirc;m ngặt bậc nhất n&ecirc;n&nbsp;Soju Chum-Churum hương&nbsp;đ&agrave;o&nbsp;ng&agrave;y c&agrave;ng trở th&agrave;nh đồ uống nổi bật, phổ biến v&agrave; l&agrave; sự lựa chọn h&agrave;ng đầu kể cả của phụ nữ v&igrave; độ &ecirc;m dịu v&agrave; nồng độ cồn vừa phải.</p>\r\n<ul>\r\n<li><span>Bảo quản: Nhiệt độ ph&ograve;ng, tr&aacute;nh tiếp x&uacute;c trực tiếp với &aacute;nh nắng mặt trời</span></li>\r\n<li><span>Ngon hơn khi uống lạnh</span></li>\r\n<li><span>Nồng độ cồn: 12%</span></li>\r\n</ul>\r\n<p><span><span>Lotte c&oacute; b&iacute; quyết pha chế với nước kho&aacute;ng đ&atilde; tinh chế nhưng vẫn giữ lại được nhiều th&agrave;nh phần kho&aacute;ng chất v&agrave; mang m&ugrave;i vị v&ocirc; c&ugrave;ng tinh khiết, rất thanh v&agrave; c&oacute; vị cay nhẹ, thơm m&ugrave;i đ&agrave;o&nbsp;ch&iacute;nh điều n&agrave;y l&agrave;m n&ecirc;n sự kh&aacute;c biệt của&nbsp;Chum-Churum&nbsp;đ&agrave;o&nbsp;so với c&aacute;c d&ograve;ng Soju kh&aacute;c.&nbsp;<br /></span><span>Soju đ&agrave;o&nbsp;sẽ ngon hơn khi được lắc kỹ trước khi uống.</span><br /></span></p>', '70000', 'ad86133221.jpg', 0),
('ruou_chumchurumtao', 'Rượu Soju Chumchurum táo', 'ruou', '<p><strong>Rượu Soju T&aacute;o Chum Churum&nbsp;</strong><span>kh&ocirc;ng chỉ l&agrave; đồ uống giải kh&aacute;t ngon m&aacute;t, nhẹ nh&agrave;ng m&agrave; c&ograve;n rất th&iacute;ch hợp để uống c&ugrave;ng với&nbsp;c&aacute;c m&oacute;n nướng lẩu, hải sản trong c&aacute;c bữa tiệc, li&ecirc;n hoan.&nbsp;</span><span>Vị t&aacute;o thơm ngọt, thanh m&aacute;t của t&aacute;o chắc chắn sẽ mang đến cho người d&ugrave;ng cảm gi&aacute;c th&iacute;ch th&uacute;!</span></p>\r\n<p><span>Soju được xem l&agrave; quốc tửu của H&agrave;n Quốc. Đối với một quốc gia c&oacute; văn h&oacute;a uống rượu ph&aacute;t triển cực thịnh&nbsp;như H&agrave;n Quốc th&igrave; soju ch&iacute;nh loại rượu tốt nhất với nồng độ thấp, &ecirc;m m&agrave;&nbsp;gi&aacute; th&agrave;nh lại&nbsp;rẻ hơn so với c&aacute;c loại rượu mạnh kh&aacute;c.</span></p>\r\n<p><strong>Xuất xứ:</strong><span>&nbsp;</span>H&agrave;n Quốc</p>\r\n<p><strong>Thể t&iacute;ch thực:</strong><span>&nbsp;</span>360ml/chai</p>\r\n<p><strong>Độ rượu:&nbsp;</strong>12%</p>\r\n<p><strong>Hướng dẫn sử dụng:</strong><span>&nbsp;</span>D&ugrave;ng để uống trực tiếp, ngon hơn khi uống lạnh.</p>\r\n<p><strong>Bảo quản:</strong><span>&nbsp;</span>Để nơi kh&ocirc; r&aacute;o, tho&aacute;ng m&aacute;t, tr&aacute;nh &aacute;nh nắng, ẩm mốc, n&oacute;ng.</p>\r\n<p><strong>Thời gian sử dụng:</strong><span>&nbsp;</span>Kh&ocirc;ng c&oacute; hạn sử dụng, c&agrave;ng để l&acirc;u uống c&agrave;ng ngon.</p>\r\n<p><strong>Ng&agrave;y sản xuất:</strong><span>&nbsp;</span>Xem tr&ecirc;n bao b&igrave; sản phẩm</p>', '70000', 'd2d25c3df0.jpg', 1),
('ruou_makkolichuoi', 'Rượu gạo Makkoli vị chuối', 'ruou', '<p>B&ecirc;n cạnh loại quốc tửu l&agrave;&nbsp;<a class=\"text-link\" href=\"https://www.tteokbokki.vn/collections/ruou-soju\">soju</a>&nbsp;th&igrave; người d&acirc;n xứ H&agrave;n c&ograve;n đặc biệt y&ecirc;u th&iacute;ch th&ecirc;m<span>&nbsp;</span><strong>Rượu gạo Makgeolli (Makkoli)&nbsp;</strong>- loại rượu được cho l&agrave;<span>&nbsp;l&acirc;u đời nhất của H&agrave;n Quốc., c&oacute; m&agrave;u trắng đục giống nước vo gạo v&agrave; nồng độ kh&aacute; thấp.</span></p>\r\n<p><span>Để l&agrave;m rượu, người H&agrave;n phải hấp ch&iacute;n gạo hoặc l&uacute;a m&igrave; rồi để cho r&aacute;o nước, sau đ&oacute; trộn c&ugrave;ng với men v&agrave; nước rồi ủ cho l&ecirc;n men. Đặc trưng của loại rượu n&agrave;y l&agrave; c&oacute; sự c&acirc;n bằng giữa vị ngọt, vị chua v&agrave; vị đắng.</span></p>\r\n<p>Ngo&agrave;i vị truyền thống phổ biến từ trước đến nay th&igrave; Makgeolli c&ograve;n được kết hợp với c&aacute;c loại tr&aacute;i c&acirc;y tự nhi&ecirc;n cho ra đời th&ecirc;m một số hương vị như&nbsp;<a class=\"text-link\" href=\"https://www.tteokbokki.vn/products/ruou-gao-makkoli-vi-dao-750ml?variant=1241446121484\">đ&agrave;o</a>,<span>&nbsp;</span><a class=\"text-link\" href=\"https://www.tteokbokki.vn/collections/ruou-gao-han-quoc/products/ruou-gao-makkoli-vi-chuoi-750ml?variant=1241668190220\">chuối</a>,<span>&nbsp;</span><a class=\"text-link\" href=\"https://www.tteokbokki.vn/collections/ruou-gao-han-quoc/products/ruou-gao-makkoli-vi-nho-750ml\">nho</a>,....</p>\r\n<p><span><strong>Rượu Gạo Makkoli Vị Chuối Kook Soon Dang 750ml</strong>&nbsp;được sản xuất dựa tr&ecirc;n c&ocirc;ng nghệ hiện đại, trải qua nhiều năm kinh nghiệm đảm bảo mang đến kh&aacute;ch h&agrave;ng sản phẩm chất lượng.</span></p>\r\n<div>\r\n<p><strong>Th&agrave;nh phần:&nbsp;</strong>Gạo l&ecirc;n men, đường, nước, hương vị chuối tự nhi&ecirc;n, kh&ocirc;ng chưng cất</p>\r\n<p><strong>Thể t&iacute;ch thực:</strong><span>&nbsp;</span>750ml/chai</p>\r\n<p><strong>Nồng độ cồn:</strong><span>&nbsp;4%</span></p>\r\n<p><strong>Bảo quản:</strong><span>&nbsp;</span>Nơi kh&ocirc; r&aacute;o, tho&aacute;ng m&aacute;t v&agrave; tr&aacute;nh &aacute;nh nắng mặt trời</p>\r\n<p><strong>Hướng dẫn sử dụng:</strong><span>&nbsp;</span>Lắc đều trước khi uống. Ngon hơn khi d&ugrave;ng lạnh</p>\r\n<p><strong>Hạn sử dụng:</strong>&nbsp;12 th&aacute;ng kể từ ng&agrave;y sản xuất</p>\r\n</div>\r\n<div>\r\n<div>T&egrave;obokki c&ograve;n c&oacute; cả ch&eacute;n uống rượu gạo makgeolli cho những ai muốn thưởng thức rượu gạo đ&uacute;ng phong c&aacute;ch H&agrave;n nhe!</div>\r\n</div>', '75000', '9a89394ee5.jpg', 1),
('ruou_makkolidao', 'Rượu gạo Makkoli vị đào', 'ruou', '<p>B&ecirc;n cạnh loại quốc tửu l&agrave; soju th&igrave; người d&acirc;n xứ H&agrave;n c&ograve;n đặc biệt y&ecirc;u th&iacute;ch th&ecirc;m&nbsp;<strong>Rượu gạo Makgeolli (Makkoli)&nbsp;</strong>- loại rượu được cho l&agrave;<span>&nbsp;l&acirc;u đời nhất của H&agrave;n Quốc., c&oacute; m&agrave;u trắng đục giống nước vo gạo v&agrave; nồng độ kh&aacute; thấp.</span></p>\r\n<p><span>Để l&agrave;m rượu, người H&agrave;n phải hấp ch&iacute;n gạo hoặc l&uacute;a m&igrave; rồi để cho r&aacute;o nước, sau đ&oacute; trộn c&ugrave;ng với men v&agrave; nước rồi ủ cho l&ecirc;n men. Đặc trưng của loại rượu n&agrave;y l&agrave; c&oacute; sự c&acirc;n bằng giữa vị ngọt, vị chua v&agrave; vị đắng.</span></p>\r\n<p>Ngo&agrave;i vị truyền thống phổ biến từ trước đến nay th&igrave; Makgeolli c&ograve;n được kết hợp với c&aacute;c loại tr&aacute;i c&acirc;y tự nhi&ecirc;n cho ra đời th&ecirc;m một số hương vị như đ&agrave;o,&nbsp;<a class=\"text-link\" href=\"https://www.tteokbokki.vn/collections/ruou-gao-han-quoc/products/ruou-gao-makkoli-vi-chuoi-750ml?variant=1241668190220\">chuối</a>,&nbsp;<a class=\"text-link\" href=\"https://www.tteokbokki.vn/collections/ruou-gao-han-quoc/products/ruou-gao-makkoli-vi-nho-750ml\">nho</a>,....</p>\r\n<p><span><strong>Rượu Gạo Makkoli Vị Đ&agrave;o Kook Soon Dang 750ml</strong>&nbsp;được sản xuất dựa tr&ecirc;n c&ocirc;ng nghệ hiện đại, trải qua nhiều năm kinh nghiệm đảm bảo mang đến kh&aacute;ch h&agrave;ng sản phẩm chất lượng.</span></p>\r\n<div>\r\n<p><strong>Th&agrave;nh phần:&nbsp;</strong>Gạo l&ecirc;n men, đường, nước, hương vị đ&agrave;o tự nhi&ecirc;n, kh&ocirc;ng chưng cất</p>\r\n<p><strong>Thể t&iacute;ch thực:</strong><span>&nbsp;</span>750ml/chai</p>\r\n<p><strong>Nồng độ cồn:</strong><span>&nbsp;3%</span></p>\r\n<p><strong>Bảo quản:</strong><span>&nbsp;</span>Nơi kh&ocirc; r&aacute;o, tho&aacute;ng m&aacute;t v&agrave; tr&aacute;nh &aacute;nh nắng mặt trời</p>\r\n<p><strong>Hướng dẫn sử dụng:</strong><span>&nbsp;</span>Lắc đều trước khi uống. Ngon hơn khi d&ugrave;ng lạnh</p>\r\n<p><strong>Hạn sử dụng:</strong>&nbsp;12 th&aacute;ng kể từ ng&agrave;y sản xuất</p>\r\n</div>\r\n<div>T&egrave;obokki c&ograve;n c&oacute; cả ch&eacute;n uống rượu gạo makgeolli cho những ai muốn thưởng thức rượu gạo đ&uacute;ng phong c&aacute;ch H&agrave;n nhe!</div>', '75000', 'd74b1758f8.jpg', 0),
('ruou_makkolitruyenthong', 'Rượu gạo Makkoli truyền thống', 'ruou', '<p style=\"text-align: justify;\"><strong>Rượu gạo Makgeolli (Makkoli)</strong><span>&nbsp;được cho l&agrave; loại rượu l&acirc;u đời nhất của H&agrave;n Quốc. N&oacute; c&oacute; m&agrave;u trắng đục giống nước vo gạo v&agrave; nồng độ kh&aacute; thấp.</span></p>\r\n<p style=\"text-align: justify;\"><span>Để l&agrave;m rượu, người H&agrave;n hấp ch&iacute;n gạo hoặc l&uacute;a m&igrave; rồi để cho r&aacute;o nước, sau đ&oacute; trộn c&ugrave;ng với men v&agrave; nước rồi ủ cho l&ecirc;n men. Đặc trưng của loại rượu n&agrave;y l&agrave; c&oacute; sự c&acirc;n bằng giữa vị ngọt, vị chua v&agrave; vị đắng.</span></p>\r\n<p style=\"text-align: justify;\">Th&ocirc;ng thường, họ sẽ thưởng thức makgeolli bằng&nbsp;<a class=\"text-link\" href=\"https://www.tteokbokki.vn/products/chen-uong-ruou-makkoli\">ch&eacute;n nh&ocirc;m</a>&nbsp;hoặc gỗ v&agrave; ăn k&egrave;m th&ecirc;m một v&agrave;i mồi nhắm như l&agrave;&nbsp;<a class=\"text-link\" href=\"https://www.tteokbokki.vn/collections/nguyen-lieu-lam-mon-banh-hanh-han-quoc-pajeon\">b&aacute;nh h&agrave;nh</a>&nbsp;(pajeon), sundae, kimchi,...</p>\r\n<p style=\"text-align: justify;\"><strong>Th&agrave;nh phần:</strong>&nbsp;Gạo, nước, đường, hương liệu, kh&ocirc;ng qua chưng cất</p>\r\n<p style=\"text-align: justify;\"><strong>Thể t&iacute;ch thực:</strong>&nbsp;750ml/chai</p>\r\n<p style=\"text-align: justify;\"><strong>Nồng độ cồn:</strong>&nbsp;4.5%</p>\r\n<p style=\"text-align: justify;\"><strong>Bảo quản:</strong>&nbsp;Nơi kh&ocirc; r&aacute;o, tho&aacute;ng m&aacute;t v&agrave; tr&aacute;nh &aacute;nh nắng mặt trời</p>\r\n<p style=\"text-align: justify;\"><strong>Hướng dẫn sử dụng:</strong>&nbsp;Lắc đều trước khi uống. Ngon hơn khi d&ugrave;ng lạnh</p>\r\n<p style=\"text-align: justify;\"><strong>Hạn sử dụng:</strong>&nbsp;12 th&aacute;ng kể từ ng&agrave;y sản xuất</p>', '75000', '97cc387d1e.jpg', 1),
('sau_daudenhanhnhanoccho', 'Sữa đậu đen, hạnh nhân và óc chó Vegemil 190ml', 'sua', '<p>Nếu bạn đ&atilde; ch&aacute;n ngấy với những thức uống từ hoa quả th&ocirc;ng thường th&igrave; h&atilde;y thử&nbsp;<em><a class=\"text-link\" href=\"https://www.tteokbokki.vn/collections/sua-oc-cho-han-quoc\">sữa &oacute;c ch&oacute; H&agrave;n Quốc</a></em>&nbsp;Vegemil được l&agrave;m từ hạt &oacute;c ch&oacute;, đậu đen v&agrave; hạnh nh&acirc;n xem sao nh&eacute;.</p>\r\n<p>Vị ngọt, b&ugrave;i rất lạ miệng từ hạt &oacute;c ch&oacute; v&agrave; hạnh nh&acirc;n sẽ cuốn h&uacute;t bạn ngay từ c&aacute;i nhấp m&ocirc;i đầu ti&ecirc;n đấy.</p>\r\n<p><a class=\"fancyboximg\" href=\"https://cdn.shopify.com/s/files/1/0617/2497/files/sua-oc-cho-dau-den-hanh-nhan-vegemil-hop-190ml_480x480.png?v=1608456019\"><img src=\"https://cdn.shopify.com/s/files/1/0617/2497/files/sua-oc-cho-dau-den-hanh-nhan-vegemil-hop-190ml_480x480.png?v=1608456019\" alt=\"\" /></a></p>\r\n<p><span>Ngo&agrave;i ra, sữa c&ograve;n cung cấp rất nhiều isulin, c&aacute;c vitamin, kho&aacute;ng chất cần thiết cho cơ thể, ph&ugrave; hợp với mọi đối tượng sử dụng.</span></p>\r\n<p><span>Đ&oacute;ng g&oacute;i t&uacute;i nhỏ gọn, dễ dảng bảo quản v&agrave; mang theo.</span></p>\r\n<p><span><a class=\"fancyboximg\" href=\"https://cdn.shopify.com/s/files/1/0617/2497/files/sua-oc-cho-dau-den-vegemil_480x480.png?v=1608456306\"><img src=\"https://cdn.shopify.com/s/files/1/0617/2497/files/sua-oc-cho-dau-den-vegemil_480x480.png?v=1608456306\" alt=\"\" /></a></span></p>\r\n<p><em>earlymorning.ssg.com</em></p>\r\n<p><strong>Th&ocirc;ng tin thương hiệu:</strong></p>\r\n<p class=\"afcbc-sapo\" data-role=\"sapo\"><strong>Vegemil</strong><span>&nbsp;</span>l&agrave; d&ograve;ng sữa c&oacute; nguồn gốc thực vật, được l&agrave;m từ những nguy&ecirc;n liệu chất lượng th&ocirc;ng qua chọn lựa kĩ c&agrave;ng. Với hơn 40 năm kinh nghiệm, Vegemil đ&atilde; tạo được tiếng vang lớn trong thị trường n&agrave;y v&agrave; đ&oacute;n nhận được nhiều sự y&ecirc;u th&iacute;ch v&agrave; tin d&ugrave;ng từ người ti&ecirc;u d&ugrave;ng</p>\r\n<p><strong>Xuất xứ:</strong><span>&nbsp;</span>H&agrave;n Quốc</p>\r\n<p><strong>Th&agrave;nh phần:&nbsp;</strong><span>Dung dịch sữa đậu 87% . đậu n&agrave;nh (Mỹ, Canada, &Uacute;c), chiết xuất đậu đen 3%, đường trắng, đường isomalto oligosaccharide, đường malto oligosaccharide, nước tinh khiết, bột hỗn hợp quả &oacute;c ch&oacute; 0,7% (đậu phộng (nước &Uacute;c) 60%, hạnh nh&acirc;n (nước Mỹ) 30%, quả &oacute;c ch&oacute; (nước Mỹ) 7%), tinh bột sắn d&acirc;y, dung dịch hỗn hợp canxi cacbonat, chiết xuất vani tự nhi&ecirc;n....</span></p>\r\n<p><strong>Thể t&iacute;ch thực:</strong><span>&nbsp;</span>190ml/hộp</p>\r\n<p><strong>Bảo quản:</strong><span>&nbsp;</span>Nơi kh&ocirc; r&aacute;o, tho&aacute;ng m&aacute;t v&agrave; tr&aacute;nh &aacute;nh nắng mặt trời</p>\r\n<p><strong>Hướng dẫn sử dụng:<span>&nbsp;</span></strong>Sau khi mở t&uacute;i phải bảo quản lạnh, uống nhanh. Nếu h&acirc;m n&oacute;ng th&igrave; phải d&ugrave;ng cốc đựng ri&ecirc;ng. Th&agrave;nh phần nguy&ecirc;n liệu c&oacute; thể nổi hoặc ch&igrave;m xuống.</p>\r\n<p><strong>Hạn sử dụng:</strong><span>&nbsp;12 th&aacute;ng kể từ ng&agrave;y sản xuất</span></p>', '15000', '2a437add17.jpg', 1);
INSERT INTO `product` (`productID`, `productName`, `productCate`, `productDesc`, `productPrice`, `productImage`, `productType`) VALUES
('sau_occhovegemil', 'Sữa hạnh nhân và óc chó Vegemil 190ml', 'sua', '<p><strong>Sữa đậu n&agrave;nh vị hạnh nh&acirc;n v&agrave; &oacute;c ch&oacute; Vegemil 190ml&nbsp;</strong>hiện đang l&agrave; một trong top những sản phẩm&nbsp;<em><a class=\"text-link\" href=\"https://www.tteokbokki.vn/collections/sua-oc-cho-han-quoc\">sữa &oacute;c ch&oacute; H&agrave;n Quốc</a></em>&nbsp;hot nhất tr&ecirc;n thị trường v&agrave; được nhiều người y&ecirc;u th&iacute;ch, đặc biệt l&agrave; c&aacute;c mẹ bỉm sữa.</p>\r\n<p><span>Sữa c&oacute; m&ugrave;i thơm đặc trưng từ quả &oacute;c ch&oacute; kết hợp hạnh nh&acirc;n tạo n&ecirc;n một hương vị ngọt b&ugrave;i kh&oacute; tả, đảm bảo sẽ khiến bạn cuốn h&uacute;t ngay từ c&aacute;i nhấp m&ocirc;i đầu ti&ecirc;n.</span></p>\r\n<p>Ngo&agrave;i ra, sản phẩm c&oacute; chứa chiết xuất đậu n&agrave;nh, quả &oacute;c ch&oacute;, bột hạnh nh&acirc;n... gi&uacute;p bổ sung năng lượng, đồng thời cung cấp nhiều axit amin, protein v&agrave; kho&aacute;ng chất thiết yếu tốt cho sức khỏe.&nbsp;</p>\r\n<p><span>Đ&oacute;ng g&oacute;i hộp nhỏ gọn, dễ d&agrave;ng bảo quản v&agrave; mang theo.</span></p>\r\n<p><strong>Xuất xứ:</strong><span>&nbsp;</span>H&agrave;n Quốc</p>\r\n<p><strong>Th&agrave;nh phần:<span>&nbsp;</span></strong>Sữa đậu n&agrave;nh, đường, nước, xi-r&ocirc; ng&ocirc; h&agrave;m lượng cao fructose, quả &oacute;c ch&oacute; v&agrave; hỗn hợp c&aacute;c loại hạt (đậu phộng, hạnh nh&acirc;n, &oacute;c ch&oacute;, hạt th&ocirc;ng), tinh bột ng&ocirc; s&aacute;p, canxi, muối, hương nh&acirc;n tạo, chiết xuất vani tự nhi&ecirc;n,...</p>\r\n<p><strong>Thể t&iacute;ch thực:</strong><span>&nbsp;</span>190ml/hộp</p>\r\n<p><strong>Bảo quản:</strong><span>&nbsp;</span>Nơi kh&ocirc; r&aacute;o, tho&aacute;ng m&aacute;t v&agrave; tr&aacute;nh &aacute;nh nắng mặt trời</p>\r\n<p><strong>Hướng dẫn sử dụng:<span>&nbsp;</span></strong>Uống trực tiếp, lắc đều trước khi uống</p>\r\n<p><strong>Hạn sử dụng:</strong><span>&nbsp;12 th&aacute;ng kể từ ng&agrave;y sản xuất</span></p>', '15000', '3c561933d3.png', 0),
('sua_dauden16vingucoc', 'Sữa đậu đen và 16 vị ngũ cốc Vegemil 190ml', 'sua', '<p>Một trong những sản phẩm&nbsp;<em><a class=\"text-link\" href=\"https://www.tteokbokki.vn/collections/sua-oc-cho-han-quoc\">sữa &oacute;c ch&oacute;</a></em>&nbsp;hot nhất của Vegemil phải kể đến đ&oacute; l&agrave;&nbsp;<strong>Sữa đậu đen v&agrave; 16 vị ngũ cốc 190ml.</strong></p>\r\n<p>Sản phẩm l&agrave; sự kết hợp đặc biệt của đậu đen c&ugrave;ng với c&aacute;c loại ngũ cốc như gạo lứt, bắp, l&uacute;a mạch, l&uacute;a m&igrave;, hạnh nh&acirc;n,...mang đến người ti&ecirc;u d&ugrave;ng một thức uống bổ dưỡng, cung cấp nhiều chất xơ v&agrave; c&aacute;c loại vitamin như vitamin B, E,...</p>\r\n<p>Sữa c&oacute; m&ugrave;i thơm đặc trưng của 16 loại ngũ cốc, tổng thể tạo n&ecirc;n một hương vị ngọt b&ugrave;i kh&oacute; tả, đảm bảo sẽ khiến bạn cuốn h&uacute;t ngay từ c&aacute;i nhấp m&ocirc;i đầu ti&ecirc;n.</p>\r\n<p><span>Đ&oacute;ng hộp nhỏ gọn, dễ dảng bảo quản v&agrave; mang theo.</span></p>\r\n<p><strong>Th&ocirc;ng tin thương hiệu:</strong></p>\r\n<p class=\"afcbc-sapo\" data-role=\"sapo\"><strong>Vegemil</strong>&nbsp;l&agrave; d&ograve;ng sữa c&oacute; nguồn gốc thực vật, được l&agrave;m từ những nguy&ecirc;n liệu chất lượng th&ocirc;ng qua chọn lựa kĩ c&agrave;ng. Với hơn 40 năm kinh nghiệm, Vegemil đ&atilde; tạo được tiếng vang lớn trong thị trường n&agrave;y v&agrave; đ&oacute;n nhận được nhiều sự y&ecirc;u th&iacute;ch v&agrave; tin d&ugrave;ng từ người ti&ecirc;u d&ugrave;ng</p>\r\n<p><strong>Xuất xứ:</strong><span>&nbsp;</span>H&agrave;n Quốc</p>\r\n<p><strong>Th&agrave;nh phần:<span>&nbsp;</span></strong>Sữa hạt nguy&ecirc;n chất 90%, đường tinh luyện, nước tinh khiết, bột ngũ cốc, xi-r&ocirc; ng&ocirc;, bột ngũ cốc, m&egrave; đen, muối tinh luyện, hương nh&acirc;n tạo, chiết xuất đậu n&agrave;nh đen,...</p>\r\n<p><strong>Thể t&iacute;ch thực:</strong><span>&nbsp;</span>190ml/hộp</p>\r\n<p><strong>Bảo quản:</strong><span>&nbsp;</span>Nơi kh&ocirc; r&aacute;o, tho&aacute;ng m&aacute;t v&agrave; tr&aacute;nh &aacute;nh nắng mặt trời</p>\r\n<p><strong>Hướng dẫn sử dụng:<span>&nbsp;</span></strong>D&ugrave;ng trực tiếp, lắc kỹ trước khi uống</p>\r\n<p><strong>Hạn sử dụng:</strong><span>&nbsp;12 th&aacute;ng kể từ ng&agrave;y sản xuất</span></p>', '15000', 'f11b904fa3.jpg', 0),
('sua_occhodaudenhanhnhan', 'Sữa hạt óc chó, đậu đen và hạnh nhân Hàn Quốc 190ml', 'sua', '<p>Nếu bạn đ&atilde; ch&aacute;n ngấy với những thức uống từ hoa quả th&ocirc;ng thường th&igrave; h&atilde;y thử thưởng cho m&igrave;nh một cốc&nbsp;<em><a class=\"text-link\" href=\"https://www.tteokbokki.vn/collections/sua-oc-cho-han-quoc\">sữa &oacute;c ch&oacute; H&agrave;n Quốc</a></em>&nbsp;Vegemil l&agrave;m từ hạt &oacute;c ch&oacute;, đậu đen v&agrave; hạnh nh&acirc;n xem sao nh&eacute;. Vị ngọt, ngậy b&eacute;o v&agrave; rất lạ miệng từ hạt &oacute;c ch&oacute; v&agrave; hạnh nh&acirc;n sẽ cuốn h&uacute;t bạn ngay từ miếng nhấp m&ocirc;i đầu ti&ecirc;n đ&acirc;y. H&atilde;y thưởng thức sữa&nbsp;&oacute;c ch&oacute;, đậu đen v&agrave; hạnh nh&acirc;n H&agrave;n Quốc v&agrave; biết đ&acirc;u những người th&acirc;n của bạn cũng bị l&ocirc;i cuốn bởi m&ugrave;i vị đặc biệt của&nbsp;n&oacute;.</p>\r\n<p><a class=\"fancyboximg\" href=\"https://cdn.shopify.com/s/files/1/0617/2497/files/sua-oc-cho-han-quoc_fdccc778-4c8d-4635-ac82-ea1acf351d46_480x480.jpg?v=1608456513\"><img src=\"https://cdn.shopify.com/s/files/1/0617/2497/files/sua-oc-cho-han-quoc_fdccc778-4c8d-4635-ac82-ea1acf351d46_480x480.jpg?v=1608456513\" alt=\"\" /></a></p>\r\n<p><em></em><strong>Th&agrave;nh phần:</strong></p>\r\n<p>Chiết xuất đậu đen (đậu đen nhập khẩu, th&agrave;nh phần rắn hay hơn), đường trắng, đường mạch nha maltooligo saccharides, đậu phộng (nhập khẩu), đường fructose lỏng, quả &oacute;c ch&oacute; (th&agrave;nh phần rắn Mỹ), bột hạnh nh&acirc;n (th&agrave;nh phần rắn, Mỹ), tinh bột, muối tinh, acid b&eacute;o glycerin este, bột hạt th&ocirc;ng, TJ-2000 (dầu thực vật, acid b&eacute;o glycerin este, lecithin, magie), chiết xuất hương tự nhi&ecirc;n vani, hương vị đậu phộng tổng hợp, nước tinh khiết.</p>\r\n<p><strong>C&ocirc;ng dụng:</strong><em><strong>&nbsp;</strong></em>Bổ sung chất dinh dưỡng, tăng cường sức đề kh&aacute;ng cho cơ thể&nbsp;</p>\r\n<p><strong>Bảo quản:</strong>&nbsp;Nơi kh&ocirc; r&aacute;o tho&aacute;ng m&aacute;t v&agrave; tr&aacute;nh &aacute;nh nắng mặt trời</p>\r\n<p><strong>Đ&oacute;ng g&oacute;i:</strong>&nbsp;190ml/hộp</p>\r\n<p><strong>Hạn sử dụng:</strong>&nbsp;12 th&aacute;ng kể từ ng&agrave;y sản xuất</p>\r\n<p><em><strong>Đối tượng sử dụng nước đậu đen hạnh nh&acirc;n &oacute;c ch&oacute; h&agrave;n quốc:</strong></em></p>\r\n<p>Nước đậu đen hạnh nh&acirc;n &oacute;c ch&oacute; l&agrave; thực phẩm chức năng từ H&agrave;n Quốc được sử dụng cho mọi lứa tuổi.</p>\r\n<p>.<em><strong>Hướng dẫn sử dụng:</strong></em></p>\r\n<p>D&ugrave;ng như một loại thực phẩm bổ sung với h&agrave;m lượng calo cao c&oacute; thể d&ugrave;ng thay ăn s&aacute;ng hoặc bổ sung sau bữa ăn.<br />Bảo quản nơi kh&ocirc; r&aacute;o tho&aacute;ng m&aacute;t tr&aacute;nh &aacute;nh s&aacute;ng trực tiếp từ mặt trời.</p>', '15000', 'cc0dd2b028.png', 1);

--
-- Chỉ mục cho các bảng đã đổ
--

--
-- Chỉ mục cho bảng `admin`
--
ALTER TABLE `admin`
  ADD PRIMARY KEY (`adminID`);

--
-- Chỉ mục cho bảng `cart`
--
ALTER TABLE `cart`
  ADD PRIMARY KEY (`cartID`);

--
-- Chỉ mục cho bảng `category`
--
ALTER TABLE `category`
  ADD PRIMARY KEY (`catID`);

--
-- Chỉ mục cho bảng `customer`
--
ALTER TABLE `customer`
  ADD PRIMARY KEY (`cusID`);

--
-- Chỉ mục cho bảng `orderproduct`
--
ALTER TABLE `orderproduct`
  ADD PRIMARY KEY (`orderID`);

--
-- Chỉ mục cho bảng `product`
--
ALTER TABLE `product`
  ADD PRIMARY KEY (`productID`);

--
-- AUTO_INCREMENT cho các bảng đã đổ
--

--
-- AUTO_INCREMENT cho bảng `cart`
--
ALTER TABLE `cart`
  MODIFY `cartID` int(11) NOT NULL AUTO_INCREMENT, AUTO_INCREMENT=107;

--
-- AUTO_INCREMENT cho bảng `customer`
--
ALTER TABLE `customer`
  MODIFY `cusID` int(11) NOT NULL AUTO_INCREMENT, AUTO_INCREMENT=8;

--
-- AUTO_INCREMENT cho bảng `orderproduct`
--
ALTER TABLE `orderproduct`
  MODIFY `orderID` int(11) NOT NULL AUTO_INCREMENT, AUTO_INCREMENT=13;
COMMIT;

/*!40101 SET CHARACTER_SET_CLIENT=@OLD_CHARACTER_SET_CLIENT */;
/*!40101 SET CHARACTER_SET_RESULTS=@OLD_CHARACTER_SET_RESULTS */;
/*!40101 SET COLLATION_CONNECTION=@OLD_COLLATION_CONNECTION */;
